-1.2367319164276123,-0.9247236924171448,-0.46143803250789645,-0.28017522368580106,0.4621145277023316,-0.7938859338760376,-0.6328237466812133,-0.026113503038883212,-0.7062319555282592,-0.19495791801810264,0.46833413517475125,-0.8220429248809815,-0.32050330746173855,0.11413282835483551,0.010343681812286376,-0.15344552089273927,0.17897796761989593,-0.05404373836517333,-0.10063691672682765,0.16480192470550536,-0.10437652873992924,-1.2367319164276123,-0.9247236924171448,-0.46143803250789645,-0.28017522368580106,0.4621145277023316,-0.7938859338760376,-0.6328237466812133,-0.026113503038883212,-0.7062319555282592,-0.19495791801810264,0.46833413517475125,-0.8220429248809815,-0.32050330746173855,0.11413282835483551,0.010343681812286376,-0.15344552089273927,0.17897796761989593,-0.05404373836517333,-0.10063691672682765,0.16480192470550536,-0.10437652873992924
-1.2645530948638917,-0.8955108423233031,-0.41165150728821753,-0.2610784208625555,0.416148330450058,-0.8157817630767822,-0.5942852323055268,-0.08142328697443009,-0.7286088197231293,-0.19030651703476906,0.41918710255622865,-0.8380688199996948,-0.2207229609489441,-0.07879737155139446,0.19911560869216918,-0.13164971242845058,-0.015730429679155323,0.16330012702941896,-0.1335804034471512,-0.00959406208992004,0.12941137886047366,-1.2645530948638917,-0.8955108423233031,-0.41165150728821753,-0.2610784208625555,0.416148330450058,-0.8157817630767822,-0.5942852323055268,-0.08142328697443009,-0.7286088197231293,-0.19030651703476906,0.41918710255622865,-0.8380688199996948,-0.2207229609489441,-0.07879737155139446,0.19911560869216918,-0.13164971242845058,-0.015730429679155323,0.16330012702941896,-0.1335804034471512,-0.00959406208992004,0.12941137886047366
-1.3135760374069214,-0.8402489371299744,-0.36154296132922176,-0.2658750471547246,0.3559340779781341,-0.827807198524475,-0.568088201522827,-0.14753016084432602,-0.7298810863494871,-0.20930769643187525,0.35605538630485534,-0.843956063747406,-0.1044585862159729,-0.24458863486349586,0.3796922478675842,-0.08857420537620782,-0.18440598747134207,0.3731233510971069,-0.14189879870414734,-0.1602741492986679,0.3582718167304993,-1.3135760374069214,-0.8402489371299744,-0.36154296132922176,-0.2658750471547246,0.3559340779781341,-0.827807198524475,-0.568088201522827,-0.14753016084432602,-0.7298810863494871,-0.20930769643187525,0.35605538630485534,-0.843956063747406,-0.1044585862159729,-0.24458863486349586,0.3796922478675842,-0.08857420537620782,-0.18440598747134207,0.3731233510971069,-0.14189879870414734,-0.1602741492986679,0.3582718167304993
-1.3884448881149292,-0.731738037109375,-0.306882786333561,-0.29252427607774734,0.27679842853546144,-0.8284847402572633,-0.549291786313057,-0.22709034806489944,-0.7062619950771332,-0.2481472012102604,0.2736235111951828,-0.8381948761940002,0.017774897038936616,-0.35395913186669353,0.5350901322364807,-0.026710357531905166,-0.2984919353723526,0.5549318203926086,-0.1225138770341873,-0.26254895067960027,0.5590726566314698,-1.3884448881149292,-0.731738037109375,-0.306882786333561,-0.29252427607774734,0.27679842853546144,-0.8284847402572633,-0.549291786313057,-0.22709034806489944,-0.7062619950771332,-0.2481472012102604,0.2736235111951828,-0.8381948761940002,0.017774897038936616,-0.35395913186669353,0.5350901322364807,-0.026710357531905166,-0.2984919353723526,0.5549318203926086,-0.1225138770341873,-0.26254895067960027,0.5590726566314698
-1.4852711839675903,-0.534677260875702,-0.24639939993619922,-0.332919731400907,0.18105944538116453,-0.8183571081161499,-0.5316264724135398,-0.3166972055435181,-0.6597046599388122,-0.2967874899804592,0.173113266825676,-0.8214300374984742,0.1290591652393341,-0.38354774460196495,0.6471930584907531,0.044426620952785004,-0.3354712543487549,0.686313756942749,-0.07922133004665374,-0.29681444420665504,0.7062358245849609,-1.4852711839675903,-0.534677260875702,-0.24639939993619922,-0.332919731400907,0.18105944538116453,-0.8183571081161499,-0.5316264724135398,-0.3166972055435181,-0.6597046599388122,-0.2967874899804592,0.173113266825676,-0.8214300374984742,0.1290591652393341,-0.38354774460196495,0.6471930584907531,0.044426620952785004,-0.3354712543487549,0.686313756942749,-0.07922133004665374,-0.29681444420665504,0.7062358245849609
-1.5934251070022583,-0.17732892942428596,-0.17325801751017572,-0.364214222624898,0.0741317834854126,-0.8063674821853638,-0.498012718975544,-0.4128682690262794,-0.6057010776996611,-0.33238905039429667,0.05744091206789018,-0.802173903465271,0.21551316896080971,-0.3510909179002047,0.7279931035041809,0.106053308442235,-0.31313088294863695,0.7781200070381165,-0.034041717708110805,-0.280514252230525,0.8076384010314941,-1.5934251070022583,-0.17732892942428596,-0.17325801751017572,-0.364214222624898,0.0741317834854126,-0.8063674821853638,-0.498012718975544,-0.4128682690262794,-0.6057010776996611,-0.33238905039429667,0.05744091206789018,-0.802173903465271,0.21551316896080971,-0.3510909179002047,0.7279931035041809,0.106053308442235,-0.31313088294863695,0.7781200070381165,-0.034041717708110805,-0.280514252230525,0.8076384010314941
-1.694459447860718,0.2664219722747802,-0.08591850429773332,-0.36716206701099874,-0.029673447608947735,-0.800486336708069,-0.4376880489438772,-0.5041000838279724,-0.5618467996120453,-0.335471818625927,-0.059437429249286654,-0.7887382755279541,0.26443370229005814,-0.2831024765670299,0.7861103167533874,0.14117612650245429,-0.25729352647066117,0.838614809036255,-0.006845927000045776,-0.23808742733299731,0.8693127932548524,-1.694459447860718,0.2664219722747802,-0.08591850429773332,-0.36716206701099874,-0.029673447608947735,-0.800486336708069,-0.4376880489438772,-0.5041000838279724,-0.5618467996120453,-0.335471818625927,-0.059437429249286654,-0.7887382755279541,0.26443370229005814,-0.2831024765670299,0.7861103167533874,0.14117612650245429,-0.25729352647066117,0.838614809036255,-0.006845927000045776,-0.23808742733299731,0.8693127932548524
-1.7622411823272703,0.7206986351013184,0.011261491566896436,-0.3352803725227714,-0.10697189140319822,-0.8058931088447571,-0.35335977967083454,-0.5720726053118705,-0.5452191250324249,-0.3000175268948078,-0.15285677528381347,-0.7883761229515075,0.27348388645052907,-0.21479917170107363,0.8260711951255798,0.1435584079027176,-0.20195617178082464,0.8733256611824036,-0.006487820208072663,-0.2006779909059405,0.896874827861786,-1.7622411823272703,0.7206986351013184,0.011261491566896436,-0.3352803725227714,-0.10697189140319822,-0.8058931088447571,-0.35335977967083454,-0.5720726053118705,-0.5452191250324249,-0.3000175268948078,-0.15285677528381347,-0.7883761229515075,0.27348388645052907,-0.21479917170107363,0.8260711951255798,0.1435584079027176,-0.20195617178082464,0.8733256611824036,-0.006487820208072663,-0.2006779909059405,0.896874827861786
-1.7777177171707153,1.1106141600869595,0.10249666026560589,-0.2764195415303111,-0.1376359486579895,-0.8222622561454773,-0.2629287088811397,-0.6010949181318284,-0.5634244153499604,-0.23530002516508103,-0.20079682970047,-0.8024554595947265,0.25009934300184244,-0.1774231980741024,0.8503801870346068,0.1168178927898407,-0.17625322180986408,0.8874702725410459,-0.03224294233322143,-0.1928192577511072,0.8977256832122802,-1.7777177171707153,1.1106141600869595,0.10249666026560589,-0.2764195415303111,-0.1376359486579895,-0.8222622561454773,-0.2629287088811397,-0.6010949181318284,-0.5634244153499604,-0.23530002516508103,-0.20079682970047,-0.8024554595947265,0.25009934300184244,-0.1774231980741024,0.8503801870346068,0.1168178927898407,-0.17625322180986408,0.8874702725410459,-0.03224294233322143,-0.1928192577511072,0.8977256832122802
-1.7375767307281496,1.3538907490558922,0.1751500533320941,-0.20845147500932218,-0.1153994036912918,-0.845024353504181,-0.1854861886203289,-0.5862718771100044,-0.6123968904018403,-0.16083298960328102,-0.19411634677648543,-0.8273539786338807,0.2118594917356968,-0.18951120503246782,0.8627513761520385,0.07570004274696114,-0.19647720327973364,0.889160219669342,-0.07245063042640687,-0.2279421572908759,0.8837327914237976,-1.7375767307281496,1.3538907490558922,0.1751500533320941,-0.20845147500932218,-0.1153994036912918,-0.845024353504181,-0.1854861886203289,-0.5862718771100044,-0.6123968904018403,-0.16083298960328102,-0.19411634677648543,-0.8273539786338807,0.2118594917356968,-0.18951120503246782,0.8627513761520385,0.07570004274696114,-0.19647720327973364,0.889160219669342,-0.07245063042640687,-0.2279421572908759,0.8837327914237976
-1.6541559486389161,1.34116892734915,0.2188917027907446,-0.15759619981050493,-0.04960655090026557,-0.8649148068428039,-0.142718333080411,-0.5356285994052887,-0.675208374261856,-0.10438781017065049,-0.13892839914560318,-0.8541104230880737,0.18060383960604667,-0.24218183371424679,0.8595122365951537,0.043118774719536304,-0.2529515684247017,0.878043601512909,-0.10433442169427871,-0.29478437353670595,0.8592917008399963,-1.6541559486389161,1.34116892734915,0.2188917027907446,-0.15759619981050493,-0.04960655090026557,-0.8649148068428039,-0.142718333080411,-0.5356285994052887,-0.675208374261856,-0.10438781017065049,-0.13892839914560318,-0.8541104230880737,0.18060383960604667,-0.24218183371424679,0.8595122365951537,0.043118774719536304,-0.2529515684247017,0.878043601512909,-0.10433442169427871,-0.29478437353670595,0.8592917008399963
-1.5519432544708254,1.1531174705252052,0.22913620785158123,-0.14558085493743417,0.03723435566388071,-0.8738725848197937,-0.1482699390351772,-0.46829570311307905,-0.7313616337776183,-0.08919826865196226,-0.05690938484668732,-0.8733389883041383,0.17605004325509072,-0.3139217739403247,0.841209850311279,0.039247344747185706,-0.32384448683261874,0.8573860993385315,-0.10800918811559679,-0.3708614873215556,0.8320643968582153,-1.5519432544708254,1.1531174705252052,0.22913620785158123,-0.14558085493743417,0.03723435566388071,-0.8738725848197937,-0.1482699390351772,-0.46829570311307905,-0.7313616337776183,-0.08919826865196226,-0.05690938484668732,-0.8733389883041383,0.17605004325509072,-0.3139217739403247,0.841209850311279,0.039247344747185706,-0.32384448683261874,0.8573860993385315,-0.10800918811559679,-0.3708614873215556,0.8320643968582153
-1.4651718101501465,0.8796990203000604,0.2089939600122161,-0.1788373544812202,0.11295836825296283,-0.8668670210838316,-0.19906156398355962,-0.41033034420013437,-0.7605413999557495,-0.12164359217882156,0.018042802691459657,-0.8757476654052734,0.20536285850405694,-0.3739913811832666,0.8127717909812926,0.07114763113856315,-0.3789119094312191,0.83311518907547,-0.07656727343797684,-0.42655674351751804,0.8099816856384278,-1.4651718101501465,0.8796990203000604,0.2089939600122161,-0.1788373544812202,0.11295836825296283,-0.8668670210838316,-0.19906156398355962,-0.41033034420013437,-0.7605413999557495,-0.12164359217882156,0.018042802691459657,-0.8757476654052734,0.20536285850405694,-0.3739913811832666,0.8127717909812926,0.07114763113856315,-0.3789119094312191,0.83311518907547,-0.07656727343797684,-0.42655674351751804,0.8099816856384278
-1.4230490064620973,0.6099106783792376,0.1736082427194342,-0.2490250550210476,0.14867564721778037,-0.8449623503684999,-0.27574471136927603,-0.38455489796400066,-0.7516921529769898,-0.19124723756313325,0.052909317195415494,-0.8564032468795777,0.26501611909270284,-0.39564974693953986,0.7826735296249391,0.13507548727095126,-0.39320074704289437,0.81275297498703,-0.013304521501064304,-0.4393262761086225,0.8002314190864563,-1.4230490064620973,0.6099106783792376,0.1736082427194342,-0.2490250550210476,0.14867564721778037,-0.8449623503684999,-0.27574471136927603,-0.38455489796400066,-0.7516921529769898,-0.19124723756313325,0.052909317195415494,-0.8564032468795777,0.26501611909270284,-0.39564974693953986,0.7826735296249391,0.13507548727095126,-0.39320074704289437,0.81275297498703,-0.013304521501064304,-0.4393262761086225,0.8002314190864563
-1.440389793395996,0.4430103588290512,0.14128892156714573,-0.3358784670382738,0.12789560639671982,-0.8125041260719298,-0.3544315168410539,-0.4033158249855041,-0.7049941143989562,-0.2743349674344063,0.027247284114360816,-0.8131841927692294,0.34064516076445583,-0.36334804105758667,0.7579656057357789,0.21530570176243785,-0.35384636515378953,0.8003576512336732,0.0666317178690806,-0.39754304232448334,0.8042772688865663,-1.440389793395996,0.4430103588290512,0.14128892156714573,-0.3358784670382738,0.12789560639671982,-0.8125041260719298,-0.3544315168410539,-0.4033158249855041,-0.7049941143989562,-0.2743349674344063,0.027247284114360816,-0.8131841927692294,0.34064516076445583,-0.36334804105758667,0.7579656057357789,0.21530570176243785,-0.35384636515378953,0.8003576512336732,0.0666317178690806,-0.39754304232448334,0.8042772688865663
-1.5033865585327146,0.48438926958292716,0.11877799451258034,-0.41088417442142966,0.06182671222463252,-0.776687849521637,-0.41005263552069665,-0.4556818804144859,-0.6371593809127807,-0.3450670741796494,-0.05785362946987151,-0.7547430413737894,0.40837497663497924,-0.28306192898750304,0.7296582651138307,0.28748143662512304,-0.2684691959023476,0.7835457954406737,0.13979731091391295,-0.30790686755627394,0.8051830286979677,-1.5033865585327146,0.48438926958292716,0.11877799451258034,-0.41088417442142966,0.06182671222463252,-0.776687849521637,-0.41005263552069665,-0.4556818804144859,-0.6371593809127807,-0.3450670741796494,-0.05785362946987151,-0.7547430413737894,0.40837497663497924,-0.28306192898750304,0.7296582651138307,0.28748143662512304,-0.2684691959023476,0.7835457954406737,0.13979731091391295,-0.30790686755627394,0.8051830286979677
-1.5826371316909789,0.6663075593747199,0.10839395614387468,-0.4492365682721138,-0.02245547043718397,-0.7414790873527528,-0.4248099200427532,-0.5169086389541626,-0.5674579727649689,-0.38068856904655696,-0.18079476869106292,-0.6915430886298419,0.44853315153718,-0.1711705561876297,0.6851714572906494,0.3319193405807018,-0.15481776964664462,0.746645541191101,0.1870980942901224,-0.18697706647217274,0.7831028790473937,-1.5826371316909789,0.6663075593747199,0.10839395614387468,-0.4492365682721138,-0.02245547043718397,-0.7414790873527528,-0.4248099200427532,-0.5169086389541626,-0.5674579727649689,-0.38068856904655696,-0.18079476869106292,-0.6915430886298419,0.44853315153718,-0.1711705561876297,0.6851714572906494,0.3319193405807018,-0.15481776964664462,0.746645541191101,0.1870980942901224,-0.18697706647217274,0.7831028790473937
-1.6383069272041322,0.908379380621016,0.10702065757196397,-0.4363475762903691,-0.09069222715124488,-0.7066454077959061,-0.3942603552192449,-0.5552136806249618,-0.5136914765834809,-0.37098707430809735,-0.30690028053522106,-0.634536941215396,0.45165619117021566,-0.048479348301887513,0.6095699405670165,0.33915741446614267,-0.03400600802898408,0.67287691116333,0.2001105074379593,-0.055194832533597915,0.7188014578819275,-1.6383069272041322,0.908379380621016,0.10702065757196397,-0.4363475762903691,-0.09069222715124488,-0.7066454077959061,-0.3942603552192449,-0.5552136806249618,-0.5136914765834809,-0.37098707430809735,-0.30690028053522106,-0.634536941215396,0.45165619117021566,-0.048479348301887513,0.6095699405670165,0.33915741446614267,-0.03400600802898408,0.67287691116333,0.2001105074379593,-0.055194832533597915,0.7188014578819275
-1.6309720571637154,1.124497130565345,0.1040147724347189,-0.36892730906605725,-0.10947123706527055,-0.6665542812645435,-0.3268640678077936,-0.5395880317091941,-0.48660050511360164,-0.320153236374259,-0.3960993093848228,-0.5955824096277356,0.4183554945290089,0.06637060844898224,0.4845952200889586,0.30952277733385564,0.07649787890911104,0.543810359954834,0.18045133010204878,0.07055471852421762,0.5930796561241151,-1.6309720571637154,1.124497130565345,0.1040147724347189,-0.36892730906605725,-0.10947123706527055,-0.6665542812645435,-0.3268640678077936,-0.5395880317091941,-0.48660050511360164,-0.320153236374259,-0.3960993093848228,-0.5955824096277356,0.4183554945290089,0.06637060844898224,0.4845952200889586,0.30952277733385564,0.07649787890911104,0.543810359954834,0.18045133010204878,0.07055471852421762,0.5930796561241151
-1.5243737677931786,1.2167670808322728,0.07251260427618399,-0.25512877583503724,-0.0469665366820991,-0.6176038971841336,-0.24128262883424756,-0.44360428375005717,-0.49428790259361266,-0.2476224820762873,-0.4129926680326461,-0.5914748054593802,0.35699223768711086,0.1551447479724884,0.29458142137527465,0.2519230227842927,0.16176267111301423,0.34584156703948976,0.13836581295914946,0.17547717218101028,0.39223485040664674,-1.5243737677931786,1.2167670808322728,0.07251260427618399,-0.25512877583503724,-0.0469665366820991,-0.6176038971841336,-0.24128262883424756,-0.44360428375005717,-0.49428790259361266,-0.2476224820762873,-0.4129926680326461,-0.5914748054593802,0.35699223768711086,0.1551447479724884,0.29458142137527465,0.2519230227842927,0.16176267111301423,0.34584156703948976,0.13836581295914946,0.17547717218101028,0.39223485040664674
-1.330803630232811,1.12366188910231,0.011250952694099392,-0.1190992240905762,0.08639101846143603,-0.5539928877949715,-0.16297393894195555,-0.275333159327507,-0.5189814980030059,-0.16984597589820621,-0.34635367810726164,-0.6146337458863853,0.2896853357106447,0.22596101784706119,0.06522968101501464,0.1864015400186181,0.23280750393867494,0.10814374971389769,0.09441030329372734,0.2647830661833287,0.14774817514419553,-1.330803630232811,1.12366188910231,0.011250952694099392,-0.1190992240905762,0.08639101846143603,-0.5539928877949715,-0.16297393894195555,-0.275333159327507,-0.5189814980030059,-0.16984597589820621,-0.34635367810726164,-0.6146337458863853,0.2896853357106447,0.22596101784706119,0.06522968101501464,0.1864015400186181,0.23280750393867494,0.10814374971389769,0.09441030329372734,0.2647830661833287,0.14774817514419553
-1.0793034306764604,0.898977550700307,-0.08083411639928817,0.015986358940601325,0.2656656681057066,-0.47797391265630723,-0.11461316415667536,-0.05860573887825009,-0.5442877390384674,-0.10526639367640019,-0.20767474490404125,-0.654493760690093,0.23028640331327913,0.28624131965637206,-0.17594940996170041,0.12469646187126635,0.2999348901510238,-0.13798914766311643,0.06141069601289928,0.34339040069282056,-0.10812955141067504,-1.0793034306764604,0.898977550700307,-0.08083411639928817,0.015986358940601325,0.2656656681057066,-0.47797391265630723,-0.11461316415667536,-0.05860573887825009,-0.5442877390384674,-0.10526639367640019,-0.20767474490404125,-0.654493760690093,0.23028640331327913,0.28624131965637206,-0.17594940996170041,0.12469646187126635,0.2999348901510238,-0.13798914766311643,0.06141069601289928,0.34339040069282056,-0.10812955141067504
-0.8096552214026451,0.6024576846361159,-0.20381929159164427,0.12987292462587358,0.4613402954656631,-0.39860498270392414,-0.1092982885837555,0.17359073495864874,-0.5584672467708588,-0.06739248507469893,-0.02320369428396223,-0.7014191205576061,0.18487141889333722,0.34100342988967897,-0.4025400276184081,0.07195680741965771,0.36940907526016237,-0.362839075088501,0.04358132692333311,0.4146947691142559,-0.34572288513183597,-0.8096552214026451,0.6024576846361159,-0.20381929159164427,0.12987292462587358,0.4613402954656631,-0.39860498270392414,-0.1092982885837555,0.17359073495864874,-0.5584672467708588,-0.06739248507469893,-0.02320369428396223,-0.7014191205576061,0.18487141889333722,0.34100342988967897,-0.4025400276184081,0.07195680741965771,0.36940907526016237,-0.362839075088501,0.04358132692333311,0.4146947691142559,-0.34572288513183597
-0.563206164598465,0.29832033516466616,-0.35364476555585866,0.20880760800838472,0.6434556171894072,-0.32894531947374345,-0.14925735649466515,0.3869203391075135,-0.555697184562683,-0.06092260767519474,0.17306645941734314,-0.743771928474307,0.15289155465364457,0.3930620927810669,-0.5873952722549438,0.028641392774879936,0.4438065289258958,-0.5367691521644593,0.038823513919487594,0.4806297358721495,-0.5352816090583802,-0.563206164598465,0.29832033516466616,-0.35364476555585866,0.20880760800838472,0.6434556171894072,-0.32894531947374345,-0.14925735649466515,0.3869203391075135,-0.555697184562683,-0.06092260767519474,0.17306645941734314,-0.743771928474307,0.15289155465364457,0.3930620927810669,-0.5873952722549438,0.028641392774879936,0.4438065289258958,-0.5367691521644593,0.038823513919487594,0.4806297358721495,-0.5352816090583802
-0.38392166852951043,0.056854480743408195,-0.5019487770795823,0.24811669349670412,0.7769383051395417,-0.2761037780940533,-0.22388680285215382,0.5480564165115357,-0.5279720795154572,-0.07671858253329993,0.3459752618074417,-0.7629691354781388,0.13360363842546938,0.4502283718585969,-0.7051691555976868,-0.004944527640938758,0.5281111605167389,-0.6348832964897155,0.044191109227016565,0.5469425429403783,-0.6494492835998535,-0.38392166852951043,0.056854480743408195,-0.5019487770795823,0.24811669349670412,0.7769383051395417,-0.2761037780940533,-0.22388680285215382,0.5480564165115357,-0.5279720795154572,-0.07671858253329993,0.3459752618074417,-0.7629691354781388,0.13360363842546938,0.4502283718585969,-0.7051691555976868,-0.004944527640938758,0.5281111605167389,-0.6348832964897155,0.044191109227016565,0.5469425429403783,-0.6494492835998535
-0.27046942874789237,-0.10550373451411725,-0.6475683869719505,0.26037126892805096,0.8620996994972228,-0.24563464039564137,-0.3114703311026096,0.6544874358177186,-0.48975233626365666,-0.10627319838106633,0.4793526742458344,-0.7628906777873636,0.11863372212648393,0.5001356930732728,-0.7704853520393373,-0.033194936834275726,0.6073367021083832,-0.6740622770786286,0.0520124576864764,0.6045691984593867,-0.7044201953411103,-0.27046942874789237,-0.10550373451411725,-0.6475683869719505,0.26037126892805096,0.8620996994972228,-0.24563464039564137,-0.3114703311026096,0.6544874358177186,-0.48975233626365666,-0.10627319838106633,0.4793526742458344,-0.7628906777873636,0.11863372212648393,0.5001356930732728,-0.7704853520393373,-0.033194936834275726,0.6073367021083832,-0.6740622770786286,0.0520124576864764,0.6045691984593867,-0.7044201953411103
-0.20874115714430808,-0.20466797575354576,-0.7909495190382003,0.26048622751235967,0.906671238899231,-0.23372154268622403,-0.38774705511331564,0.7157772593498232,-0.4513953449726104,-0.13564474253356457,0.5718860530853271,-0.7492492767497897,0.10836501322686672,0.5387954803705216,-0.7975809197425843,-0.05195636738836766,0.674106939792633,-0.6716485710144043,0.062496519637294114,0.651570944711566,-0.7151518371105194,-0.20874115714430808,-0.20466797575354576,-0.7909495190382003,0.26048622751235967,0.906671238899231,-0.23372154268622403,-0.38774705511331564,0.7157772593498232,-0.4513953449726104,-0.13564474253356457,0.5718860530853271,-0.7492492767497897,0.10836501322686672,0.5387954803705216,-0.7975809197425843,-0.05195636738836766,0.674106939792633,-0.6716485710144043,0.062496519637294114,0.651570944711566,-0.7151518371105194
-0.17815786564350128,-0.25782323509454724,-0.9295064115524292,0.26324383145570757,0.9207669587135314,-0.2313514286875725,-0.4358426679372787,0.7486513996124268,-0.4180385210514069,-0.15243324565887453,0.6319830178022385,-0.7263402109146118,0.10639074042439463,0.5676504622697831,-0.798298810005188,-0.055617935709655286,0.7271651310920715,-0.6434205882549286,0.07914988375455141,0.6900047120004892,-0.6946469426155091,-0.17815786564350128,-0.25782323509454724,-0.9295064115524292,0.26324383145570757,0.9207669587135314,-0.2313514286875725,-0.4358426679372787,0.7486513996124268,-0.4180385210514069,-0.15243324565887453,0.6319830178022385,-0.7263402109146118,0.10639074042439463,0.5676504622697831,-0.798298810005188,-0.055617935709655286,0.7271651310920715,-0.6434205882549286,0.07914988375455141,0.6900047120004892,-0.6946469426155091
-0.1608740280866623,-0.2831568809300661,-1.055608432352543,0.27743474709987637,0.9151488814353943,-0.2300142502188683,-0.44948800668120387,0.768387094974518,-0.39235513973236075,-0.15021142995357512,0.6703489750623702,-0.6991977343559265,0.11558396679162979,0.5891447913646698,-0.784656725883484,-0.042456986799836165,0.7663632607460021,-0.6060184545516968,0.10329149943962693,0.7212153210639953,-0.657925268650055,-0.1608740280866623,-0.2831568809300661,-1.055608432352543,0.27743474709987637,0.9151488814353943,-0.2300142502188683,-0.44948800668120387,0.768387094974518,-0.39235513973236075,-0.15021142995357512,0.6703489750623702,-0.6991977343559265,0.11558396679162979,0.5891447913646698,-0.784656725883484,-0.042456986799836165,0.7663632607460021,-0.6060184545516968,0.10329149943962693,0.7212153210639953,-0.657925268650055
-0.1415551381409168,-0.30208437420427803,-1.1743199535012245,0.3036289328932762,0.9039376296997069,-0.22673934218287467,-0.4342906529009342,0.7870091261863709,-0.377339870929718,-0.13327230624854564,0.6975231957435607,-0.6755593194961549,0.1325762000232935,0.6030211310386658,-0.7695799431800843,-0.01777516959607602,0.7905567350387573,-0.5744499890804291,0.13042128740996123,0.7435194854736329,-0.6218561942577361,-0.1415551381409168,-0.30208437420427803,-1.1743199535012245,0.3036289328932762,0.9039376296997069,-0.22673934218287467,-0.4342906529009342,0.7870091261863709,-0.377339870929718,-0.13327230624854564,0.6975231957435607,-0.6755593194961549,0.1325762000232935,0.6030211310386658,-0.7695799431800843,-0.01777516959607602,0.7905567350387573,-0.5744499890804291,0.13042128740996123,0.7435194854736329,-0.6218561942577361
-0.12381623673439027,-0.31697954380512244,-1.2734466478824615,0.33166956627368926,0.8914545540809631,-0.2230770207941532,-0.4064526717066764,0.8038756852149962,-0.36865270304679865,-0.11203594632446764,0.7167667784690857,-0.6569710016250611,0.15070377868413926,0.6146571741104127,-0.7544251561164856,0.008337008513510222,0.8042478289604187,-0.5511717627048492,0.15249167849123477,0.7599004302024841,-0.590626196861267,-0.12381623673439027,-0.31697954380512244,-1.2734466478824615,0.33166956627368926,0.8914545540809631,-0.2230770207941532,-0.4064526717066764,0.8038756852149962,-0.36865270304679865,-0.11203594632446764,0.7167667784690857,-0.6569710016250611,0.15070377868413926,0.6146571741104127,-0.7544251561164856,0.008337008513510222,0.8042478289604187,-0.5511717627048492,0.15249167849123477,0.7599004302024841,-0.590626196861267
-0.11815492293238639,-0.33298025810718535,-1.3313875880241395,0.34793064519762995,0.8810949316024781,-0.22602551758289335,-0.38615507173538205,0.8132578539848326,-0.3653817820549011,-0.10110315167158841,0.7268519687652588,-0.6453099293708802,0.15888827924430368,0.6242416553497314,-0.7425312948226929,0.021069256715476513,0.8081027221679686,-0.5400530545711517,0.15748517214879393,0.769495647907257,-0.5708774564266206,-0.11815492293238639,-0.33298025810718535,-1.3313875880241395,0.34793064519762995,0.8810949316024781,-0.22602551758289335,-0.38615507173538205,0.8132578539848326,-0.3653817820549011,-0.10110315167158841,0.7268519687652588,-0.6453099293708802,0.15888827924430368,0.6242416553497314,-0.7425312948226929,0.021069256715476513,0.8081027221679686,-0.5400530545711517,0.15748517214879393,0.769495647907257,-0.5708774564266206
-0.13519350785017015,-0.352689549446106,-1.3339001340866088,0.34112571695446975,0.8743080749511719,-0.2425103417634964,-0.3872399765849113,0.8079637265205383,-0.36889279937744146,-0.11105708648264408,0.7247820258140564,-0.6418677897453309,0.14888039168715478,0.6286066222190858,-0.7380181331634523,0.009822571575641637,0.8007113261222839,-0.5435086452960969,0.1374890024252236,0.7693788943290711,-0.5677987875938416,-0.13519350785017015,-0.352689549446106,-1.3339001340866088,0.34112571695446975,0.8743080749511719,-0.2425103417634964,-0.3872399765849113,0.8079637265205383,-0.36889279937744146,-0.11105708648264408,0.7247820258140564,-0.6418677897453309,0.14888039168715478,0.6286066222190858,-0.7380181331634523,0.009822571575641637,0.8007113261222839,-0.5435086452960969,0.1374890024252236,0.7693788943290711,-0.5677987875938416
-0.17594106671214102,-0.3769891159534455,-1.285644754886627,0.30954221051931385,0.8713838038444518,-0.27354377102851873,-0.41293712162971496,0.7869471573829652,-0.3780104398727417,-0.1440629548057914,0.711341567993164,-0.6457658905982971,0.11969798275828362,0.6268345818519593,-0.7420281810760498,-0.0256821596622467,0.7847325239181517,-0.5588762881755829,0.09436873199790717,0.7602277765274048,-0.5809959585666657,-0.17594106671214102,-0.3769891159534455,-1.285644754886627,0.30954221051931385,0.8713838038444518,-0.27354377102851873,-0.41293712162971496,0.7869471573829652,-0.3780104398727417,-0.1440629548057914,0.711341567993164,-0.6457658905982971,0.11969798275828362,0.6268345818519593,-0.7420281810760498,-0.0256821596622467,0.7847325239181517,-0.5588762881755829,0.09436873199790717,0.7602277765274048,-0.5809959585666657
-0.23544367277622227,-0.4039097576141358,-1.19450767660141,0.2588699863255024,0.8718243293762207,-0.3163070157766342,-0.4585039338469505,0.7537226581573486,-0.3919834892749786,-0.19455691124498845,0.6901251473426818,-0.6553329048156737,0.0769299455434084,0.619679497718811,-0.753739601612091,-0.0784893142580986,0.7638890113830566,-0.5827101094722748,0.036428782887756826,0.7450145225524902,-0.6068616662025452,-0.23544367277622227,-0.4039097576141358,-1.19450767660141,0.2588699863255024,0.8718243293762207,-0.3163070157766342,-0.4585039338469505,0.7537226581573486,-0.3919834892749786,-0.19455691124498845,0.6901251473426818,-0.6553329048156737,0.0769299455434084,0.619679497718811,-0.753739601612091,-0.0784893142580986,0.7638890113830566,-0.5827101094722748,0.036428782887756826,0.7450145225524902,-0.6068616662025452
-0.3045838556289673,-0.4295329999923706,-1.0786260952949525,0.19964304506778716,0.8737043929100036,-0.36471090567111963,-0.5131370719671249,0.7144384970664979,-0.40954318475723267,-0.25144180374592545,0.6660329346656799,-0.6676114745140076,0.03046144300699235,0.6086847696304322,-0.7703111171722411,-0.1368260953426361,0.7420323524475096,-0.6100235009193421,-0.024174525380134586,0.7267638444900513,-0.6393687996864318,-0.3045838556289673,-0.4295329999923706,-1.0786260952949525,0.19964304506778716,0.8737043929100036,-0.36471090567111963,-0.5131370719671249,0.7144384970664979,-0.40954318475723267,-0.25144180374592545,0.6660329346656799,-0.6676114745140076,0.03046144300699235,0.6086847696304322,-0.7703111171722411,-0.1368260953426361,0.7420323524475096,-0.6100235009193421,-0.024174525380134586,0.7267638444900513,-0.6393687996864318
-0.37113362517952925,-0.44960569095611574,-0.9652918257713317,0.1443531196117401,0.8744501566886902,-0.41048094451427464,-0.563808581829071,0.6763385753631592,-0.42760840511322024,-0.30184451188147066,0.6445340313911438,-0.678722822189331,-0.008878505721688273,0.5966336240768433,-0.787160683631897,-0.1873319483399391,0.723183931350708,-0.6342142026424408,-0.07427400362491607,0.7089433817863464,-0.6703845016956329,-0.37113362517952925,-0.44960569095611574,-0.9652918257713317,0.1443531196117401,0.8744501566886902,-0.41048094451427464,-0.563808581829071,0.6763385753631592,-0.42760840511322024,-0.30184451188147066,0.6445340313911438,-0.678722822189331,-0.008878505721688273,0.5966336240768433,-0.787160683631897,-0.1873319483399391,0.723183931350708,-0.6342142026424408,-0.07427400362491607,0.7089433817863464,-0.6703845016956329
-0.42444853696227075,-0.4624195692539216,-0.8745654625892639,0.1023037294447422,0.8733612132072448,-0.4470060603618622,-0.6022647946476936,0.6457557563781738,-0.44260580182075493,-0.3375482457727194,0.6302042117118836,-0.6861293869018554,-0.0345242280960083,0.5875283360481263,-0.7999479289054869,-0.22165594458580012,0.7111197657585144,-0.6508430685997009,-0.10624309623241426,0.6955473241806029,-0.6940311925411223,-0.42444853696227075,-0.4624195692539216,-0.8745654625892639,0.1023037294447422,0.8733612132072448,-0.4470060603618622,-0.6022647946476936,0.6457557563781738,-0.44260580182075493,-0.3375482457727194,0.6302042117118836,-0.6861293869018554,-0.0345242280960083,0.5875283360481263,-0.7999479289054869,-0.22165594458580012,0.7111197657585144,-0.6508430685997009,-0.10624309623241426,0.6955473241806029,-0.6940311925411223
-0.4628038360476494,-0.4683380603790283,-0.8089814829826356,0.07479161766171456,0.87081805229187,-0.47343047666549676,-0.6277561972737311,0.6235288319587707,-0.45430056285858156,-0.3577532560452819,0.6235032768249512,-0.6898475751876832,-0.04671338573098183,0.5826183772087097,-0.8077588720321656,-0.2402525849342346,0.7050442032814026,-0.6607720210552215,-0.12143205171823501,0.6872017416954039,-0.7096388616561888,-0.4628038360476494,-0.4683380603790283,-0.8089814829826356,0.07479161766171456,0.87081805229187,-0.47343047666549676,-0.6277561972737311,0.6235288319587707,-0.45430056285858156,-0.3577532560452819,0.6235032768249512,-0.6898475751876832,-0.04671338573098183,0.5826183772087097,-0.8077588720321656,-0.2402525849342346,0.7050442032814026,-0.6607720210552215,-0.12143205171823501,0.6872017416954039,-0.7096388616561888
