0.4577107009887695,0.40269367134571077,2.2532014784812926,-0.798849788427353,-0.050553710460662836,-0.3576705484390259,-0.6591634030342102,0.6531693878173828,0.08253886919096112,-0.6993673980236053,0.22589478850364686,-0.4496597843170166,-0.6395359652042389,-0.0964609359949827,-0.5693126306533813,-0.6587564227581023,-0.006317533642053602,-0.5451595520973207,-0.496774507522583,-0.2508450453281402,-0.6638273878097534,-2.7486909084320064,2.5486301631927493,1.249386614561081,-0.20381658509373665,0.9351278486251831,0.10030219036340715,-0.331592915713787,0.6474981605410577,0.609739366158843,0.17302333831787106,-0.34246905052661897,0.8171674420833588,0.3190900235176086,-0.20153567469120026,0.796227592587471,0.4113644895553589,-0.3574402304291725,0.6681526225805283,0.5459832482337952,-0.2243763301968575,0.6379679547548294
0.5235810351371765,0.44165096342563637,2.384333537340164,-0.8573570244312286,-0.011132998317480085,-0.40869814300537105,-0.6686772298812867,0.702417665719986,0.05411884747445582,-0.7432322084903717,0.2750253686904907,-0.5129658617973328,-0.7038978314399719,-0.060011075347661966,-0.6255647892951967,-0.7227172615528107,0.027475771307945252,-0.6028748579025269,-0.5665263819694519,-0.2295551770925522,-0.7203847007751464,-2.5468928070068357,2.7389941778182987,1.3713993945121765,-0.15630875238776207,0.9648732020854951,0.07641309267282485,-0.28920968717336654,0.6888527373075485,0.626469902716577,0.22448476573824885,-0.3513189214468002,0.8539105464816095,0.3796401656270027,-0.21138529753684998,0.8370572770833968,0.4727858534753323,-0.3631770703196525,0.7156201225519181,0.6139114563763142,-0.24655181229114534,0.6623632752299309
0.5584491987228393,0.4645642349720001,2.447759952545166,-0.8853365800380708,0.009787127323448658,-0.43671606278419495,-0.6794672970771789,0.7214328317642211,0.036571740899235004,-0.7633916510343551,0.30090617227554317,-0.5463215808868409,-0.7397837421894073,-0.035309079736471176,-0.6495900301933288,-0.7566106114387512,0.04707183335721493,-0.6291560244560241,-0.6102753400802612,-0.21445217937231065,-0.7422892127037048,-2.11895468711853,2.7855899848937984,1.4344777791500092,-0.1278768298625946,0.9738644075393676,0.03988015338778496,-0.26244770944118495,0.7210220534205437,0.6109570013582706,0.24245198610424992,-0.3222597156763077,0.8561831954717636,0.3987845939993858,-0.1906103160381317,0.8380365683436393,0.48752063611149793,-0.3290559282302856,0.7266499801874161,0.6286199024617672,-0.2323746392726898,0.6603614447712898
0.5721262726783752,0.476307633638382,2.466172073364258,-0.8931405839920045,0.01808274972438812,-0.44906032299995424,-0.6898218145370483,0.721582645893097,0.025527762424200774,-0.7680047721862792,0.3109445722103119,-0.5595708427429199,-0.7565082225799561,-0.018744008183479308,-0.6522993106842041,-0.7705088567733764,0.05719683219492435,-0.6344191527366638,-0.6376194205284118,-0.20241976767778397,-0.7401688637733459,-1.439603009223938,2.674160041809082,1.416642373085022,-0.11656882113218307,0.9601437674760819,-0.01700174170732498,-0.24847979462146755,0.7458162398338317,0.558797327876091,0.2355152217149734,-0.2509339563846588,0.8178097224235534,0.38235513842105867,-0.13684685945510863,0.792738392829895,0.4604166443943978,-0.25492043435573575,0.6949828956127166,0.593757360637188,-0.17669386118650438,0.6274259235858917
0.5749660711288451,0.4815929639339447,2.4628897495269775,-0.891126488685608,0.019548527881503103,-0.45303576350212094,-0.6982109508514405,0.7139999690055847,0.01714891688898206,-0.7653173203468323,0.3125615332126618,-0.5623932437896728,-0.763126739025116,-0.007093872636556626,-0.6448898038864136,-0.7744486021995545,0.06263664963841438,-0.629065749168396,-0.6568094882965088,-0.19079856222867966,-0.7257060270309449,-0.6309113140106201,2.3931461868286137,1.2841386337280274,-0.11969901308417322,0.9217898555994035,-0.09898397490382195,-0.24488933938741683,0.7632754220962525,0.46755580699443816,0.21058330589532853,-0.1372096537351608,0.730809208869934,0.33480737793445586,-0.051544921875000003,0.6944188055992127,0.39490994256734846,-0.1464533478617668,0.6135624735355377,0.51152812987566,-0.08198943531513213,0.5572321202754974
0.577268358707428,0.4853925030231475,2.4608109130859375,-0.889462998867035,0.019757542060688138,-0.4563277420997619,-0.7032109189033509,0.7096049275398254,0.007200893480330707,-0.7633795051574707,0.31296280503273016,-0.5648485136032104,-0.7683966183662415,0.002587870348244907,-0.6388771572113038,-0.7783012261390685,0.06779876700043679,-0.623744713306427,-0.6765401668548584,-0.17697314673662184,-0.710365970134735,0.187451828956604,1.9341509723663333,1.0018254470825196,-0.13772676020860672,0.8574534660577775,-0.20798063457012178,-0.2532754352092743,0.7718507800102234,0.336980226457119,0.1733150194585323,0.016780067682266253,0.5866327476501464,0.25928554767370227,0.06286429393291473,0.5367950794696807,0.2931188363134861,-0.01015111124515532,0.47599203145504,0.3828342530429362,0.04808342903852465,0.4441483063697815
0.5799022135734558,0.48786230540275577,2.4606774883270264,-0.8881073040962221,0.01882421808503568,-0.4590060107707977,-0.7039521770477295,0.7091597456932067,-0.003287310507148504,-0.7622092370986938,0.31237927556037903,-0.5667733592987061,-0.7719681091308594,0.009485885333269837,-0.6347720408439635,-0.7821527657508851,0.0723910013139248,-0.6184254450798035,-0.6964766564369201,-0.16170388609170913,-0.6944693694114685,0.9190074996948242,1.2564170265197752,0.5044356880187988,-0.17023240944743157,0.7639434665441514,-0.33891809979081156,-0.2780329415202141,0.7637168421745301,0.16900660550594332,0.12483277291059494,0.18567796003818515,0.3872816634178162,0.15612966001033785,0.18099164819717406,0.32236518192291264,0.1570526053309441,0.12552617555856707,0.2847464845180512,0.21275763851404186,0.18717617428302766,0.28951475381851194
0.5826330828666686,0.48981098771095277,2.4612882442474366,-0.886793879032135,0.017235966850072143,-0.46155590081214903,-0.7013727984428406,0.7117201776504516,-0.013474359448999162,-0.7612990059852599,0.31120673727989195,-0.5686202511787414,-0.7739750547409058,0.01362131155282259,-0.6324394698143005,-0.7858131241798401,0.07612302058935165,-0.6133848524093628,-0.7142429285049439,-0.14787645554542542,-0.6796788229942322,1.4814471797943116,0.45808813285827643,-0.136188762664795,-0.21152791285514833,0.650288437128067,-0.47763868486881256,-0.314322012424469,0.738236794948578,-0.01963510113954542,0.07140397104620935,0.34699865245819095,0.15301485347747806,0.038519440829753865,0.2857114481925964,0.0742907483577728,0.001624237090349201,0.24191225874423986,0.06164472281932827,0.01978565725684168,0.31508609718084335,0.10995507740974424
0.5847139086723327,0.4924564380645752,2.460409980773926,-0.885109918117523,0.015730767149478197,-0.46471035432815555,-0.6965552887916565,0.7162431244850159,-0.023308784581720827,-0.7598220100402832,0.30998222088813787,-0.5711617350578309,-0.7750595383644103,0.01550297596305609,-0.631060317516327,-0.7891228981018065,0.07892851087450982,-0.6088408312797547,-0.7264948902130127,-0.1387436032295227,-0.6684999966621399,1.79544957447052,-0.3702138557434081,-0.8478680543899536,-0.25527320978045465,0.5294346072673798,-0.6094785205721855,-0.356611912548542,0.6992561182975768,-0.20858266270160675,0.018095244318246845,0.4785177072286606,-0.09501669168472286,-0.08008009755611421,0.3635006576776504,-0.18170178031921386,-0.15621496540308,0.32581101351976394,-0.16939460921287536,-0.1763435668349266,0.4120007845163346,-0.0783415608406067
0.5856739912033081,0.49625655651092526,2.456993612289429,-0.8829504179954528,0.014722390374168753,-0.4686715912818909,-0.691152789592743,0.7211532034873962,-0.032364994604140516,-0.7580444402694702,0.3085126587152481,-0.5740438327789307,-0.7766011471748351,0.01658981227502227,-0.6288341603279114,-0.7923296627998352,0.08014254669100047,-0.6045025482177735,-0.7310450162887573,-0.13760866284370424,-0.6624478306770325,1.9284850969314575,-1.1383331089019773,-1.54693856716156,-0.29414408093690875,0.4142327147722244,-0.7233526636660099,-0.39789211213588715,0.652869124174118,-0.38022621446847915,-0.028130242109298702,0.563793886423111,-0.3314152269363403,-0.18468618756532668,0.40497339963912965,-0.4189877517223358,-0.29725786742568017,0.37015797662734984,-0.38361498034000396,-0.3523093011677265,0.46700176656246184,-0.2572937695980072
0.585296721458435,0.5023179306983947,2.449557123184204,-0.8798687844276429,0.014722216811031103,-0.4741121668815613,-0.686333312511444,0.7253405804634093,-0.04030307828634977,-0.7563644909858703,0.3065650035142899,-0.5767258028984068,-0.7796079244613648,0.018662699989974503,-0.6245180597305298,-0.7952164216041565,0.07918501652404666,-0.6006825733184813,-0.7250533249378204,-0.1478038058280945,-0.6633242139816284,1.9450733909606934,-1.75556103515625,-2.1469230127334593,-0.31545614379644393,0.31698295384645464,-0.8110689534246921,-0.425784041106701,0.6068306770324707,-0.5197466338872909,-0.05751583838462828,0.5899547464847565,-0.5290548615455627,-0.2573016021847725,0.4027321488857269,-0.6111673059463502,-0.39881105941534045,0.36940800869464874,-0.557192321062088,-0.48089876765012746,0.4715143980383873,-0.40981867408752437
0.5843432502746582,0.5123633770942687,2.4371220817565917,-0.874866533756256,0.016021566366776825,-0.4822255518436432,-0.6823340330123902,0.7283227152824401,-0.047892000775784246,-0.7554194445610045,0.30375291740894317,-0.5785471992492675,-0.7841145358085633,0.023338345970958473,-0.6179684257507324,-0.796580039024353,0.07634671909734607,-0.5986369905471802,-0.705623384475708,-0.1702721947431564,-0.6728125557899476,1.9001045141220092,-2.1297071857452394,-2.5451354846954346,-0.31141175672411925,0.24804484778642655,-0.8698598123192788,-0.4298464149832726,0.5710101191997528,-0.6196833351850509,-0.0647767966389656,0.5741038113832474,-0.6757101111412048,-0.28830476361513135,0.37704815471172337,-0.7470802354812622,-0.4492383236289024,0.3465079464316368,-0.6814598462581636,-0.5501216107010841,0.44509799343347545,-0.529788777589798
0.5857284178733826,0.5286500093936921,2.420534635543823,-0.8666054005622863,0.01894419736787677,-0.49434492850303646,-0.6777410333156586,0.7308579368591308,-0.05622505982220172,-0.75611035490036,0.2998464714288712,-0.5784559378623962,-0.7892644600868225,0.032681585259735586,-0.6097281503677368,-0.7946612601280212,0.07267877531796693,-0.6000311160087586,-0.6735032422542572,-0.20048494821786877,-0.6904840326309204,1.8332691879272462,-2.3060988159179687,-2.7727821407318114,-0.2798360604941845,0.20614492559432981,-0.90568228328228,-0.4097363559380174,0.5477558388710022,-0.6870309897065162,-0.05088430827856063,0.5321483384370804,-0.7767573790550231,-0.2820336865186691,0.34004738891124725,-0.8360312278270723,-0.451161896198988,0.3145089234709739,-0.7666873403787614,-0.5622901823818685,0.4011244206428527,-0.6253964190483093
0.5941026153564454,0.554887837409973,2.4007592697143556,-0.8528344364166258,0.025794632634148003,-0.5111984755992889,-0.6683867236375809,0.7347619757652284,-0.06615227764844894,-0.7585072059631347,0.2966409415006638,-0.574313677072525,-0.792340130329132,0.050202966284006834,-0.6006372532844544,-0.7763666095733642,0.07171828868985176,-0.6008645694851875,-0.6231616692543029,-0.22614788907766342,-0.7103782839775086,1.7785645999908446,-2.322668975830078,-2.8575651693344115,-0.21979161322116852,0.18928203594684598,-0.9228571016788483,-0.36599416761845355,0.537585317850113,-0.7294713692069053,-0.016851484924554815,0.4839761831760406,-0.8354651374816895,-0.24296073913574218,0.30492945384979253,-0.8871145536899567,-0.4094471266567708,0.2849273272752762,-0.8226473387479782,-0.5210683340728284,0.3558863966464997,-0.7015508389472961
0.6097625432014466,0.5964214582443238,2.3732122135162355,-0.8301663546562195,0.04163889789953828,-0.5340049791336059,-0.647131043717265,0.7439422225952148,-0.07941594675183297,-0.7580179648399353,0.30003243112564093,-0.5661981751918793,-0.7885076599121094,0.08026703757792711,-0.5924280433654785,-0.7267719969749451,0.07421629574522375,-0.595143152654171,-0.5475046112537385,-0.2350055565237999,-0.7258930556774139,1.7197135581970215,-2.2237945098876954,-2.8304802799224853,-0.1342275288105011,0.19764420074224473,-0.9226152555942535,-0.30241557197272784,0.5416235315799713,-0.7509711563587189,0.03251452460885049,0.4481324472427368,-0.8574128501415252,-0.17853137737512587,0.2854080506563187,-0.9084311976432801,-0.3325615004301071,0.268884009718895,-0.8572362475395202,-0.4357937260866165,0.3232574412822723,-0.761225041627884
0.6284175320565699,0.6532265996932984,2.3340013217926026,-0.7956966030597687,0.07395519142225385,-0.559072488307953,-0.6045145511776209,0.7605083951950073,-0.09514129890501499,-0.743979644536972,0.3165340113639831,-0.5542932193279266,-0.7676375267505644,0.12567990215867758,-0.5867386813163756,-0.6355500693321228,0.08589820167422295,-0.5819556683301925,-0.4453676970005036,-0.21443105894327158,-0.7337506291866303,1.6395211427211762,-2.061811116218567,-2.7266172857284543,-0.03468530714511872,0.23202114522457123,-0.9043381288051606,-0.2291837396770716,0.5610272147655488,-0.7525933367013932,0.08608099424839019,0.4411878206729889,-0.8494651510715485,-0.10309638181328776,0.2939861097335815,-0.9071984372138976,-0.23646619999408722,0.2776559492349625,-0.8760335545539855,-0.3236982499361038,0.31626633930206294,-0.8047519109249114
0.6401602695286275,0.7213598096370697,2.277221712112427,-0.7473668134212493,0.12955018920265138,-0.5811543400287629,-0.5328880951702594,0.7842116503715516,-0.11062055415660141,-0.7042934553623199,0.34953658509254454,-0.5398466436862945,-0.7202612040042877,0.18692297131940722,-0.583933738231659,-0.49586446332931516,0.11084424773976206,-0.5582685199975967,-0.31320587420463564,-0.1597635503411293,-0.7257077083587647,1.5218203722238541,-1.8898838853836062,-2.5884124679565432,0.06322883307933806,0.291055204808712,-0.8669884998798372,-0.15961988153308632,0.594450805902481,-0.7330831935405732,0.12908527770638464,0.4658079876899719,-0.8155008187294005,-0.03158253082633019,0.33008022797107694,-0.8861179382801057,-0.1382441203147173,0.30908387577533725,-0.8797153077125548,-0.20356298971176146,0.33597064089775086,-0.8285240130424499
0.6323503019213677,0.7909078986644745,2.196405523300171,-0.6828866554051636,0.2132588055599481,-0.5920127294063569,-0.42693312868475913,0.8127728099823,-0.12220128005370497,-0.627518406867981,0.399531082868576,-0.5249807035923004,-0.6385993058681488,0.2617528426088393,-0.5847117247581481,-0.30288520431518556,0.15036954456567764,-0.5197494809031487,-0.1460846025943756,-0.07546026122570036,-0.6960290765762329,1.3573629590272902,-1.7189701337814332,-2.4210837888717656,0.14624070942401884,0.375657945394516,-0.8068934137821199,-0.1023939221650362,0.6432181875705719,-0.6861652499735356,0.14980976521968842,0.5215182013511657,-0.7539032737016679,0.026755109608173365,0.39655614805221556,-0.8401889688968659,-0.04911910353600978,0.36505980241298674,-0.8620203669071198,-0.0893567565977573,0.3854158267974853,-0.8245269231796266
0.5867046573758125,0.8463190927505492,2.0851566581726075,-0.6022044824212789,0.3223674701154232,-0.5858378689289093,-0.288515894010663,0.840857581615448,-0.1275848805271089,-0.5053050475120544,0.4585591580867767,-0.5144463911056519,-0.5182570328712464,0.339369435235858,-0.5915508184432984,-0.08535668468475341,0.19635457571968437,-0.4793936682939529,0.03924193835258484,0.0104484885931015,-0.6524708120822906,1.1461521053314208,-1.563674789428711,-2.236472315788269,0.20047203230857846,0.47958477717638015,-0.7260194177627565,-0.06784401118010283,0.7030050652027131,-0.6113458551466465,0.13787539345026018,0.5979396796226502,-0.669575272589922,0.059492302000522614,0.485977509856224,-0.7699227765798569,0.018120974689722062,0.442534566283226,-0.8193129774332046,0.0029624874889850688,0.4598378753662109,-0.7900757282972336
0.49311205402016645,0.8718422322273254,1.9435212707519534,-0.5053655501306056,0.4480133781731128,-0.5587338683605194,-0.1231868200004101,0.8591997623443601,-0.1250814890563488,-0.336002810716629,0.5095361414402724,-0.512227089881897,-0.35766710519790645,0.4030281806886197,-0.6075888619422912,0.12552621984481813,0.25083217983692885,-0.45834503883123395,0.22062619805335998,0.07124859404563906,-0.6043455512523651,0.8952342703342436,-1.430951171398163,-2.0478541584014893,0.21684806525707243,0.5918624767065049,-0.631658509016037,-0.06281586070358754,0.7664097771644591,-0.5150123986005783,0.08849480983614924,0.6811935133934022,-0.5709826965034007,0.05805718758702279,0.5859380180835724,-0.6811457489728927,0.05351872453093529,0.5342520854473114,-0.7531826366186142,0.055269566595554355,0.5436140760779381,-0.7288841894865036
0.3541297230124473,0.862938767194748,1.774150815010071,-0.39408651664853095,0.5745079445019364,-0.5175106959342958,0.05396615813672543,0.8616554608345032,-0.11870622448623178,-0.13644139623641963,0.5346569338291883,-0.5213995532989502,-0.1743571681976318,0.4400326737165451,-0.6314764127731325,0.3088852677345276,0.30164943288266655,-0.4580911065340042,0.3894237093925476,0.08027636003494264,-0.5483411153554917,0.6202751947641373,-1.3203611817359926,-1.8670487852096556,0.19602651441097255,0.699547060251236,-0.5343000481128692,-0.08701767756789922,0.8245526659488679,-0.4087666154503823,0.005384250611066843,0.7567767579555512,-0.4680877229571342,0.022864665627479543,0.6830859358310699,-0.5824556212425233,0.056170356824994085,0.6297463752031327,-0.6698480472564697,0.05736970049142838,0.617307231426239,-0.6481608159542084
0.18229131236672397,0.8184295043945312,1.5841739490032196,-0.2694902762621641,0.6858485805764795,-0.46847030282020574,0.2291134538948536,0.8434093029499055,-0.11214736561104655,0.07164041256904603,0.5219805055856704,-0.5410091223716736,0.012621757984161385,0.44103311222791675,-0.6610691184997559,0.4466283266544342,0.33104394913092255,-0.479283363044262,0.5216036599874496,0.026160998344421406,-0.49075943267345423,0.3457462534904481,-1.2319763617515567,-1.7059709939956664,0.14818128526210783,0.7921502670645714,-0.4445314671993256,-0.13329469992220402,0.8705684547424317,-0.3071562362611294,-0.09791996616125107,0.8146803476810456,-0.37136118131875995,-0.03811921373009682,0.767590528845787,-0.48433405923843387,0.03244648417830467,0.7203703129291534,-0.5793331298828126,0.008509265452623371,0.6625512140989303,-0.558915962934494
-0.010742425978183746,0.7477694149017333,1.3793222724199294,-0.13373526266217228,0.7648677506744862,-0.4236681584119797,0.3900284039229155,0.7988207194805145,-0.1108327842876315,0.26750605964660645,0.46233672383427604,-0.5674269027709962,0.18873442244529726,0.3976801885664463,-0.6920563826560974,0.5255696461200714,0.3255350941307843,-0.5243597751855851,0.6002068742513657,-0.09061722779273987,-0.43912492990493773,0.09599474990367889,-1.1615332202911375,-1.5690977840423583,0.0846296019554138,0.8609112394452095,-0.3734874973297119,-0.19424775318801407,0.8978389198780061,-0.22645338690280914,-0.20634188413619992,0.8490216195583343,-0.29202233430743213,-0.11588577914237977,0.8285127354860305,-0.3996240819692612,-0.010415395006537436,0.7958438302278518,-0.4943019343614579,-0.0897735956311226,0.6596506167054176,-0.4742282093763352
-0.20454054281115536,0.6662194063663482,1.170275603413582,0.011778703704476357,0.8023688294440507,-0.38919483554363254,0.5305890412628651,0.7253455755710602,-0.11566359115019442,0.43366716933250427,0.3586836497932672,-0.5927088339328765,0.3416806244850159,0.3147477568089962,-0.7156611173152924,0.566255265235901,0.2855840713381767,-0.5767027252912522,0.6325871243476867,-0.24157717847824095,-0.39010179448127746,-0.11472498512268067,-1.1061259355545046,-1.4565714521408082,0.01991672885417937,0.9043339612483979,-0.32930440211296086,-0.25816376381367445,0.9067621564865112,-0.1790769290626049,-0.304197693824768,0.8632621717453002,-0.23713665527105326,-0.19480274096131325,0.8658233263492583,-0.33742194032669065,-0.060606895357370384,0.8505136361122132,-0.42816648793220524,-0.23148663339018824,0.5957713804841042,-0.40314955776929856
-0.38175443917512897,0.5871861388683319,0.9679776418209076,0.1617407073676586,0.7958257834911346,-0.36671094924211506,0.6445273471772671,0.6260184381008148,-0.12526063555758446,0.5559443235397339,0.22560377591848374,-0.6081244442462921,0.4595228841304779,0.20688532891869546,-0.7218321959972382,0.58893967628479,0.20435133731365202,-0.6110630671381951,0.6336121499538422,-0.3973787100315094,-0.3413947066068649,-0.28117201530933383,-1.066293824195862,-1.3676975879669189,-0.03490322268009186,0.9246720113754273,-0.31335572981834414,-0.3154807334914803,0.8993490471839906,-0.16958574819564817,-0.3802735060453415,0.8638291883468628,-0.20713747307658195,-0.2620669717788696,0.8837447226047516,-0.29953683793544766,-0.108002587005496,0.8821411750316619,-0.38829924499988555,-0.3928684948086739,0.4830513761639595,-0.34622313755750656
-0.5367207656502724,0.514067883849144,0.7792411448955537,0.314060197904706,0.7494156265258789,-0.3477513206601143,0.7361546660512686,0.5014452109336853,-0.13130611590761693,0.6393656663894653,0.07886415417492391,-0.6055258963108061,0.550585119009018,0.08600604978203771,-0.7065535173416138,0.6049702651500702,0.08968563181161882,-0.6230104122757912,0.6060364702939987,-0.529150039434433,-0.3049353313446045,-0.4068399755954742,-1.0417481660842896,-1.2984496159553527,-0.0749143978357315,0.9264770069122313,-0.3230352337360382,-0.36094273102283475,0.8792752957344057,-0.19575722882151603,-0.42960851597785954,0.8576426029205322,-0.20018107324838635,-0.3112212408185005,0.8874628934860229,-0.2857215685844422,-0.1490378967821598,0.891416766166687,-0.37798583388328555,-0.5526971503198148,0.3393565549850464,-0.3044267814159394
-0.670403143376112,0.4525605140924454,0.6097544212341308,0.46301839336752887,0.6707957307100296,-0.3270433027744294,0.8079907985478639,0.35686356806755065,-0.1287279900927097,0.6949040834903717,-0.06613878387212753,-0.5816916676759719,0.6257470636367798,-0.033365421980619425,-0.6688990097045899,0.6289774069786072,-0.030298478066921226,-0.6141679618358611,0.5787369730472565,-0.6183913574218749,-0.2906861864328384,-0.5072739436626434,-1.0326670022010802,-1.2411140580177307,-0.10402266669273377,0.9140247521400451,-0.3531836590766907,-0.3963531814217567,0.8494848027229309,-0.2484439327716827,-0.45834756624698636,0.8475493016242981,-0.21127178153395657,-0.3443899355828762,0.8806457362174989,-0.29182310616970064,-0.1850984555184841,0.8809890050888061,-0.3936594883203507,-0.694981225669384,0.18288757425546648,-0.2722899121642113
-0.7786874186098576,0.4017252030372619,0.4686792262792586,0.6003986788094045,0.5756265496015549,-0.29737669169902803,0.862426526784897,0.20661666536331175,-0.11157568636350335,0.7333424661159514,-0.19151461158692834,-0.5377045190334321,0.6887736794948578,-0.13508360430598257,-0.6124260601997377,0.6669081046581268,-0.13408969902992246,-0.5844627714157105,0.5660708764791489,-0.6585729367733002,-0.29680910778045655,-0.5988678060770035,-1.0410635385513305,-1.1905807056427,-0.12754168140888214,0.89161066532135,-0.39711154246330266,-0.4243886026144027,0.8133066425323486,-0.31580848973989484,-0.4751673617362976,0.8348525767326354,-0.23381811159849164,-0.36606601527333255,0.8674074091911317,-0.3114825146198273,-0.21912754355370997,0.8552792849540711,-0.42852168035507204,-0.8066555057168008,0.03436747455596923,-0.2416725815534592
-0.8630679017305374,0.35859568881988524,0.3578544030189514,0.7186632635742426,0.47797518229484554,-0.2588213253617287,0.9008833198547365,0.06497051382064818,-0.07999918134603651,0.7629811081886292,-0.2873149611353874,-0.4800909295082093,0.7425990307331085,-0.21140171465277668,-0.5462066385746003,0.711409209728241,-0.21181790161132813,-0.5433808407783507,0.5702003514766693,-0.658796283006668,-0.3226025458574295,-0.6892502480745316,-1.061514154911041,-1.141630218029022,-0.1529480389356613,0.863008952140808,-0.4444625933170319,-0.4503855125904083,0.7721190342903137,-0.3838032962977886,-0.4904473123550416,0.8177058238983154,-0.259331477701664,-0.3856846631765366,0.8482972340583803,-0.33617022991180423,-0.2563136584311724,0.8192274847030641,-0.4709268074035644,-0.8765635312497617,-0.08752480977773666,-0.2086305630207062
-0.927820165514946,0.3221684578657151,0.2749524286985397,0.8150809278935194,0.38880196142196655,-0.21503077399730683,0.9276298217773438,-0.0581204527616501,-0.03624629534222186,0.7924093084335329,-0.35130761328339577,-0.4162478872537613,0.7919842796325683,-0.26126489889621735,-0.47993669748306267,0.7574572451114655,-0.2546344985365868,-0.5035598363876342,0.589416582942009,-0.6290241014957427,-0.3647755839824677,-0.7786281440258026,-1.084476131916046,-1.0888401718139646,-0.18516372346878054,0.8319754362106322,-0.4877815232276916,-0.47800666284561155,0.729078468799591,-0.4419297494590283,-0.5123210680484772,0.7940697045326232,-0.2829789539277553,-0.4109712970256806,0.8229915113449096,-0.3612625457048416,-0.2995612407922745,0.778030173301697,-0.5120127485990524,-0.9121375027000905,-0.1864593724608421,-0.17706634610891342
-0.9742188987731935,0.2953811991214752,0.21922505128383638,0.8850623158216477,0.3170240873098374,-0.17402166581153872,0.9431444025039672,-0.1520221076011658,0.011025206892751155,0.8227754998207093,-0.3829636899679899,-0.35456013071537024,0.834559625864029,-0.28423091647028925,-0.42137209630012507,0.8024463009834291,-0.2595345769524574,-0.4710151703357696,0.6260358064174651,-0.5786432211846113,-0.41438135600090026,-0.864749597787857,-1.1051099300384521,-1.0322902069091797,-0.22613227951526643,0.8019989190101622,-0.5213453884124755,-0.5099531404972076,0.6868989267349244,-0.48380374568700796,-0.5454036028385163,0.7634625244140623,-0.3000365025103092,-0.446043249130249,0.792228223323822,-0.3818338371515274,-0.34775352847576146,0.7373565521240234,-0.5438606516122818,-0.9222253649234773,-0.26738837450742725,-0.14670921856164934
-1.0033011565208434,0.27692905437946325,0.18624119794368743,0.9295390112400055,0.26762267577648163,-0.14162568789720537,0.9506419715881348,-0.21261310636997227,0.05556572888232768,0.8522224040031434,-0.3869863175004721,-0.3014093756675721,0.866690082550049,-0.28659225058555604,-0.3758575415611267,0.8380430812835693,-0.24442965531349178,-0.44603133869171147,0.6643230092525482,-0.5174595194756983,-0.4562389475107193,-0.9362201437950134,-1.1140589084625245,-0.9746018981933593,-0.27226904284954073,0.7768167037963866,-0.541001839876175,-0.5443422319889069,0.6489848999977111,-0.507661753177643,-0.5865788125991822,0.7284550845623017,-0.3076743861436844,-0.48920143771171576,0.7579078063964844,-0.3953522369861603,-0.3974999454021454,0.7018463158607483,-0.5626749339103698,-0.9139909377098083,-0.3343918169736862,-0.12315012806653977
-1.0201908507347106,0.2658019363880157,0.16818790471553804,0.9545152986049652,0.23788102197647096,-0.12092004197835922,0.9534824976921081,-0.24615672230720526,0.0917004750473425,0.8784131412506102,-0.3728040127456188,-0.2600463972091675,0.8898353257179261,-0.27565432092547415,-0.3444606652259826,0.8634208252429962,-0.2209822231531143,-0.42984972786903375,0.700052542567253,-0.4482747225575149,-0.48952823650836946,-0.9826482062339783,-1.1016169295310974,-0.917004090309143,-0.3200175286531449,0.7588496131896972,-0.544251482963562,-0.57955437541008,0.6176148099899292,-0.5130194218158722,-0.6324729163646698,0.6905135765075683,-0.30498017716407777,-0.5374723980426788,0.7215642352104187,-0.40092044758796697,-0.44537261080741886,0.674433047771454,-0.5668734006881714,-0.8931437406539917,-0.3932358169555664,-0.11313309019804
-1.0296644740104675,0.26116239321231843,0.1598946306705475,0.9662273426055907,0.22313136386871335,-0.1107837903499603,0.9543153409957886,-0.26066572439670566,0.11755313827283682,0.9010922989845275,-0.34774242174625397,-0.22967916572093966,0.9063708562850952,-0.2571911729574204,-0.32452245068550106,0.8807614996433257,-0.1950191229581833,-0.4206752934455872,0.7323777381181715,-0.37081238378211856,-0.5143498804569244,-0.9998413701057434,-1.0652426648139954,-0.8618300137519835,-0.3657408623695374,0.7485875577926635,-0.5328159649372101,-0.61363481092453,0.594906280040741,-0.501236177802086,-0.6792188124656677,0.6509509830474853,-0.29388655662536617,-0.5862803299427032,0.6845482790470123,-0.4007925465106964,-0.4882636796236038,0.6560722932815553,-0.5586093499660492,-0.8661692323684692,-0.44926584893465044,-0.11927125084400177
-1.03529425239563,0.26067743432521817,0.15720138442516327,0.9694650959968566,0.21821577990055085,-0.10879014414548875,0.9542705607414247,-0.2636042188405991,0.1322226528953761,0.9195642404556275,-0.31767453622818,-0.20859857296943668,0.9176735253334044,-0.23623261070251464,-0.31285185194015497,0.8912393889427184,-0.1714351173043251,-0.41613789820671077,0.7600094351768493,-0.2900844467282295,-0.5311081151962279,-0.9900419454574585,-1.0081134233474731,-0.8118092384338379,-0.407369681596756,0.7447475266456605,-0.5095019361972809,-0.6461271648406982,0.5802592873573303,-0.47393007838726053,-0.7235022459030152,0.6106483159065246,-0.2771587827205658,-0.631757824420929,0.6477949786186218,-0.3973056273460388,-0.5248833929300307,0.6458820295333864,-0.5405937552452087,-0.8339540090560913,-0.49998643326759346,-0.13961371433734895
-1.0399613542556763,0.2612493597269058,0.15590746235847475,0.969425040245056,0.2176343358755112,-0.11149263709783555,0.9543881826400759,-0.2624718321561813,0.13881392767932269,0.93397394323349,-0.28756511902809145,-0.19398709952831267,0.9253645343780518,-0.21691687405109406,-0.3058354771137238,0.8963231081962586,-0.1545973505973816,-0.4133826124668122,0.7814812722206116,-0.21226358047127722,-0.5406058928966522,-0.956139835834503,-0.9314082939624786,-0.765957332611084,-0.4445391499996186,0.7452780637741089,-0.4772339364290237,-0.6767483959197997,0.5726590161323548,-0.43199770551919936,-0.763782589673996,0.5690242564678192,-0.25859123277664187,-0.6721077101230621,0.6111122417449952,-0.39306444525718687,-0.5560322582721711,0.6414757146835327,-0.5160268926620484,-0.7964749627113342,-0.5448767297267914,-0.17456869584321977
-1.0449379901885987,0.26111001980304716,0.15411223971843718,0.9690097951889038,0.2173625380992889,-0.11558175724744797,0.9543737416267394,-0.262591873049736,0.14013211551774293,0.9451009745597838,-0.25969639110565185,-0.18313289725780485,0.9313540735244752,-0.19995888149738314,-0.3005148870944977,0.8996921892166136,-0.1414620528817177,-0.4113527617454529,0.7998239617347718,-0.14172604017332197,-0.5472061433792115,-0.9052049236297608,-0.8431529250144958,-0.7255598435401917,-0.47710093688964844,0.7484826655387877,-0.43935973978042603,-0.7050865502357484,0.5708074164390563,-0.37810335543751716,-0.7997671983242036,0.5266312329769135,-0.24232601606845855,-0.706538333415985,0.575268546819687,-0.3904775536060333,-0.5820622198581695,0.6412533869743348,-0.487604828119278,-0.7561494998931885,-0.5822590100765229,-0.2208326278924942
-1.0501459407806397,0.25920385992527006,0.15116515892744065,0.9689295206069944,0.21574079549312591,-0.11929093259572983,0.9535620942115784,-0.26582070434093474,0.13906251049041746,0.9540709004402161,-0.23443415355682373,-0.1740390455722809,0.936298327445984,-0.185786614716053,-0.2953575811386108,0.9026853098869323,-0.1309282387495041,-0.4088214933872223,0.8147883172035216,-0.08420343432575465,-0.5502248630523682,-0.8437146897315978,-0.7530325865745544,-0.6941927528381348,-0.5040079417228698,0.7540274782180786,-0.3984672623872757,-0.7298338570594788,0.5742013969421386,-0.31643508186936375,-0.830195770263672,0.4864917678833008,-0.23093347334861752,-0.7343928229808807,0.5421078457832337,-0.39070112991333,-0.6025737342834472,0.6450820803642273,-0.4570611205101013,-0.716699800014496,-0.609559294462204,-0.27390953129529955
-1.0543594226837159,0.254479959487915,0.14680696678161623,0.9694119529724119,0.2122296495437622,-0.12172478032112122,0.951382646560669,-0.27311335933208464,0.13771416831016542,0.9612454361915589,-0.21209509336948398,-0.16591139113903045,0.9404353523254395,-0.17408731764554977,-0.29000240683555606,0.9053950891494751,-0.12309721678495407,-0.405635656118393,0.8258029508590699,-0.043581710729748015,-0.5497865626811981,-0.7772254571914672,-0.6689964516162872,-0.674497694015503,-0.5243472297191619,0.7618132138252258,-0.3565430154800415,-0.7499585952758789,0.5814142532348632,-0.25251124003529546,-0.853935052394867,0.45153422999382026,-0.22621581864356996,-0.7555470438003541,0.5133204078674316,-0.39384907484054554,-0.6171560430526732,0.6529311966896058,-0.4256346414089204,-0.6812316007614135,-0.6251254501342773,-0.3299253615736961
-1.0560387802124023,0.2469749640226364,0.1415724732875824,0.9703985266685485,0.20730212259292605,-0.12239781618118287,0.947229383468628,-0.2844274091720581,0.13912654644250871,0.9669758286476136,-0.19276801347732545,-0.1586202208995819,0.9440130014419555,-0.16390230107307432,-0.2846213662624359,0.9078339262008667,-0.11728433871269225,-0.40213470458984374,0.8335433664321898,-0.01730407284945249,-0.5470099477767945,-0.7105376448631285,-0.5966449992656708,-0.6670590295791625,-0.5376708695888519,0.7717807822227478,-0.3156598089933395,-0.7643574614524842,0.5913757581710815,-0.1924001804292202,-0.870713478088379,0.4236890215873719,-0.22781266045570372,-0.7705353322029114,0.4896645562648773,-0.39923270463943483,-0.6257909746170045,0.6644404015541078,-0.39470676541328437,-0.652191511154175,-0.629992886543274,-0.38453189539909366
-1.0541070885658264,0.23697125971317287,0.13596311461925506,0.9717472534179687,0.20158052921295164,-0.12127613258361818,0.9405764479637145,-0.299531592965126,0.14556280970573426,0.97145858669281,-0.17657634115219117,-0.15231635236740115,0.94714386510849,-0.15457970845699312,-0.27959479308128354,0.9099313826560973,-0.11281308525800707,-0.39881107234954827,0.8387203483581542,-0.0016913498900830743,-0.5430574941635132,-0.647509813785553,-0.540567608833313,-0.6726450591087342,-0.5433176243305207,0.7839263615608215,-0.2777348214387893,-0.7721156897544861,0.602775625705719,-0.14214329025149344,-0.8802337527275086,0.4046277766227722,-0.23477307081222537,-0.779394015789032,0.4721248757839203,-0.4063683881759643,-0.6281777110099793,0.6794127206802368,-0.3655899505615235,-0.6314781551361084,-0.6248080620765686,-0.43366631960868834
-1.0485767045021057,0.22522004389762879,0.13037113362550734,0.97329034948349,0.19562053787708283,-0.11871193355321885,0.9311840744018556,-0.3175842761993408,0.15862816041707992,0.9748954524993897,-0.16341069030761718,-0.14699525141716005,0.9498220510482789,-0.14613843029737472,-0.2752401180267334,0.9116192860603333,-0.10930625373125076,-0.3960282137393952,0.8420993909835817,0.007142063118517399,-0.5388881878852844,-0.5931063318252564,-0.5014193112850189,-0.6872210154533387,-0.5435743567943574,0.7964959545135498,-0.24480795252323148,-0.775056155204773,0.6133266763687133,-0.10457844591140746,-0.8843475427627563,0.39258664488792416,-0.24465798068046568,-0.7841130218505861,0.45891287136077885,-0.4140983772277832,-0.6265191226005555,0.6953402194976807,-0.3397952117919922,-0.6183967180252076,-0.6141018199920654,-0.4734985893964767
-1.039895004272461,0.2125003215074539,0.12505453193187713,0.9748452639579772,0.18992407047748566,-0.11531891065835953,0.9192618737220764,-0.33738916862010954,0.17830021548271177,0.9774295692443848,-0.15322402799129486,-0.1427295061349869,0.9519507904052734,-0.13885729610919953,-0.2719704878330231,0.9127970643043518,-0.10654478836059571,-0.394142439365387,0.8443518490791322,0.012810045421123507,-0.5353788919448853,-0.5524448208808899,-0.4774838056564331,-0.7036964030265808,-0.5421052148342133,0.8067604932785034,-0.2191981779336929,-0.7761740808486939,0.6201840505599976,-0.08046928864717483,-0.885900806903839,0.38343108606338505,-0.25532063233852387,-0.7872631964683533,0.44675217151641844,-0.4217070667743683,-0.624136393070221,0.7085553755760193,-0.3192642891407013,-0.6107383503913879,-0.6038816652297974,-0.5011619398593903
